{
  "experiment": "cross_validation",
  "seed": 42,
  "alpha": 0.05,
  "n_folds": 5,
  "n_repeats": 10,
  "datasets": {
    "gl_accounts": {
      "n_rows": 5250,
      "anomaly_rate": 0.22857142857142856,
      "n_folds": 5,
      "n_repeats": 10,
      "full_system": {
        "mean_f1": 0.344,
        "std_f1": 0.0199,
        "ci_95": [
          0.3383,
          0.3497
        ],
        "all_f1": [
          0.3452,
          0.3432,
          0.3187,
          0.3638,
          0.3348,
          0.36,
          0.356,
          0.3437,
          0.3615,
          0.3146,
          0.3192,
          0.3498,
          0.3536,
          0.3564,
          0.3482,
          0.3934,
          0.3319,
          0.3243,
          0.3206,
          0.3492,
          0.3629,
          0.3426,
          0.3695,
          0.3094,
          0.3507,
          0.3638,
          0.3727,
          0.3253,
          0.3139,
          0.3333,
          0.3825,
          0.333,
          0.3293,
          0.3613,
          0.3121,
          0.3371,
          0.3363,
          0.3656,
          0.3322,
          0.3425,
          0.3479,
          0.3341,
          0.3652,
          0.3333,
          0.3367,
          0.3251,
          0.3709,
          0.3238,
          0.321,
          0.3781
        ]
      },
      "isolation_forest_baseline": {
        "mean_f1": 0.1531,
        "std_f1": 0.0222,
        "ci_95": [
          0.1467,
          0.1594
        ]
      },
      "statistical_comparison": {
        "metric": "f1",
        "mean_full": 0.344,
        "std_full": 0.0199,
        "mean_baseline": 0.1531,
        "std_baseline": 0.0222,
        "mean_delta": 0.1909,
        "t_statistic": 51.1898,
        "p_value": 0.0,
        "significant": true,
        "cohen_d": 9.07,
        "ci_95_low": 0.1834,
        "ci_95_high": 0.1984
      }
    },
    "trial_balance": {
      "n_rows": 3120,
      "anomaly_rate": 0.22756410256410256,
      "n_folds": 5,
      "n_repeats": 10,
      "full_system": {
        "mean_f1": 0.2645,
        "std_f1": 0.028,
        "ci_95": [
          0.2565,
          0.2725
        ],
        "all_f1": [
          0.2686,
          0.2748,
          0.2341,
          0.2932,
          0.2739,
          0.2899,
          0.2568,
          0.2488,
          0.2359,
          0.2442,
          0.2194,
          0.2402,
          0.2786,
          0.3342,
          0.2597,
          0.2857,
          0.2527,
          0.2653,
          0.2304,
          0.2657,
          0.2341,
          0.2383,
          0.2878,
          0.2525,
          0.2932,
          0.2475,
          0.2306,
          0.2922,
          0.2449,
          0.3,
          0.2474,
          0.2524,
          0.3192,
          0.2558,
          0.2467,
          0.338,
          0.2493,
          0.2371,
          0.2387,
          0.2732,
          0.2283,
          0.2703,
          0.2493,
          0.2663,
          0.3301,
          0.2954,
          0.2739,
          0.2443,
          0.2805,
          0.2563
        ]
      },
      "isolation_forest_baseline": {
        "mean_f1": 0.1203,
        "std_f1": 0.0254,
        "ci_95": [
          0.113,
          0.1276
        ]
      },
      "statistical_comparison": {
        "metric": "f1",
        "mean_full": 0.2645,
        "std_full": 0.028,
        "mean_baseline": 0.1203,
        "std_baseline": 0.0254,
        "mean_delta": 0.1442,
        "t_statistic": 35.7561,
        "p_value": 0.0,
        "significant": true,
        "cohen_d": 5.393,
        "ci_95_low": 0.1361,
        "ci_95_high": 0.1523
      }
    },
    "journal_entries": {
      "n_rows": 8350,
      "anomaly_rate": 0.24790419161676647,
      "n_folds": 5,
      "n_repeats": 10,
      "full_system": {
        "mean_f1": 0.3844,
        "std_f1": 0.012,
        "ci_95": [
          0.3809,
          0.3878
        ],
        "all_f1": [
          0.3837,
          0.3987,
          0.3822,
          0.3634,
          0.3967,
          0.3771,
          0.3942,
          0.3894,
          0.3862,
          0.391,
          0.3978,
          0.3681,
          0.402,
          0.3902,
          0.3743,
          0.3906,
          0.3875,
          0.3746,
          0.3889,
          0.383,
          0.3724,
          0.387,
          0.381,
          0.3812,
          0.3904,
          0.3904,
          0.3756,
          0.374,
          0.3737,
          0.3938,
          0.3729,
          0.3626,
          0.3944,
          0.4015,
          0.3946,
          0.4004,
          0.3784,
          0.3875,
          0.3651,
          0.3837,
          0.3699,
          0.3732,
          0.4102,
          0.3941,
          0.3733,
          0.3958,
          0.3795,
          0.409,
          0.3742,
          0.3587
        ]
      },
      "isolation_forest_baseline": {
        "mean_f1": 0.1454,
        "std_f1": 0.0153,
        "ci_95": [
          0.141,
          0.1498
        ]
      },
      "statistical_comparison": {
        "metric": "f1",
        "mean_full": 0.3844,
        "std_full": 0.012,
        "mean_baseline": 0.1454,
        "std_baseline": 0.0153,
        "mean_delta": 0.239,
        "t_statistic": 84.445,
        "p_value": 0.0,
        "significant": true,
        "cohen_d": 17.3873,
        "ci_95_low": 0.2333,
        "ci_95_high": 0.2447
      }
    }
  }
}