detector,score
rule,1.0
stat,0.10825887358467046
iforest,0.9128897039064736
lof,8.122146664239733e-09
hybrid_lr,0.9914669858323756
